,@timestamp,url
5DhOAncB5h8MwkYS8AGk,2021-01-14 19:11:03.833000+00:00,http://orsp.f-secure.com/getc
5ThOAncB5h8MwkYS8AH9,2021-01-14 19:11:03.874000+00:00,http://guts2.sp.f-secure.com/u;t=proxy-resolve
5jhOAncB5h8MwkYS8AH9,2021-01-14 19:11:03+00:00,http://www.msftconnecttest.com/connecttest.txt
CDdOAncB5h8MwkYSfv_N,2021-01-14 19:10:33.949000+00:00,http://www.naturheilkundepraxis-waechter.de/
CTdOAncB5h8MwkYSfv_N,2021-01-14 19:10:33.965000+00:00,http://de-fra-anx-r033.teamviewer.com/din.aspx?
CjdOAncB5h8MwkYSfv_N,2021-01-14 19:10:34.001000+00:00,http://de-fra-anx-r033.teamviewer.com/dout.aspx?
CzdOAncB5h8MwkYSf_9E,2021-01-14 19:10:33.127000+00:00,http://tile-service.weather.microsoft.com/de-DE/livetile/preinstall?
KThOAncB5h8MwkYS9AIW,2021-01-14 19:11:03.967000+00:00,http://www.naturheilkundepraxis-waechter.de/
LDhOAncB5h8MwkYS-ALR,2021-01-14 19:11:04.015000+00:00,http://guts2.sp.f-secure.com/u;t=proxy-resolve
LThOAncB5h8MwkYS-ALR,2021-01-14 19:11:04.021000+00:00,http://de-fra-anx-r033.teamviewer.com/din.aspx?
LjhOAncB5h8MwkYS-ALR,2021-01-14 19:11:04.057000+00:00,http://de-fra-anx-r033.teamviewer.com/dout.aspx?
LzhOAncB5h8MwkYS-ALR,2021-01-14 19:11:04.068000+00:00,http://orsp-c2-ec1.aws.orsp.f-secure.com/p
MDhOAncB5h8MwkYS-ALR,2021-01-14 19:11:04.117000+00:00,http://guts2.sp.f-secure.com/u;t=proxy-resolve
MThOAncB5h8MwkYS-ALR,2021-01-14 19:11:04.144000+00:00,http://orsp-c2-ec1.aws.orsp.f-secure.com/p
MjhOAncB5h8MwkYS-ALR,2021-01-14 19:11:04.225000+00:00,http://orsp-c2-ec1.aws.orsp.f-secure.com/p
OzdOAncB5h8MwkYSHvwd,2021-01-14 19:10:08.948000+00:00,http://de-fra-anx-r033.teamviewer.com/din.aspx?
RjdOAncB5h8MwkYSkv_M,2021-01-14 19:10:39.002000+00:00,http://de-fra-anx-r033.teamviewer.com/din.aspx?
aThPAncB5h8MwkYSCAJz,2021-01-14 19:11:09.057000+00:00,http://de-fra-anx-r033.teamviewer.com/din.aspx?
mzdOAncB5h8MwkYSd_5u,2021-01-14 19:10:31.845000+00:00,http://connectivity-check.ubuntu.com/
